<?xml version="1.0" encoding="UTF-8" standalone="yes"?>
<ns2:ExportManifest xmlns:ns2="http://www.pentaho.com/schema/">
    <ExportManifestInformation exportDate="23-10-2015 05:05:05 CEST" exportBy="admin" rootFolder="/public/Steel Wheels/" manifestVersion="2"/>
    <ExportManifestEntity path="Dashboards">
        <ExportManifestProperty>
            <EntityMetaData name="Dashboards" createdDate="2015-10-23T15:54:43.217+02:00" isFolder="true" path="Dashboards" isHidden="false" locale="en_US" title="Dashboards"/>
        </ExportManifestProperty>
        <ExportManifestProperty>
            <EntityAcl>
                <entriesInheriting>true</entriesInheriting>
                <owner>admin</owner>
                <ownerType>USER</ownerType>
            </EntityAcl>
        </ExportManifestProperty>
    </ExportManifestEntity>
    <ExportManifestEntity path="Dashboards/CTools_dashboard.cda">
        <ExportManifestProperty>
            <EntityMetaData name="CTools_dashboard.cda" createdDate="2015-10-23T15:54:44.291+02:00" isFolder="false" path="Dashboards/CTools_dashboard.cda" isHidden="true" locale="en_US" title="CTools_dashboard"/>
        </ExportManifestProperty>
        <ExportManifestProperty>
            <EntityAcl>
                <entriesInheriting>true</entriesInheriting>
                <owner>admin</owner>
                <ownerType>USER</ownerType>
            </EntityAcl>
        </ExportManifestProperty>
    </ExportManifestEntity>
    <ExportManifestEntity path="Dashboards/CTools_dashboard.cdfde">
        <ExportManifestProperty>
            <EntityMetaData name="CTools_dashboard.cdfde" createdDate="2015-10-23T15:54:44.326+02:00" isFolder="false" path="Dashboards/CTools_dashboard.cdfde" isHidden="true" locale="en_US" title="CTools_dashboard"/>
        </ExportManifestProperty>
        <ExportManifestProperty>
            <EntityAcl>
                <entriesInheriting>true</entriesInheriting>
                <owner>admin</owner>
                <ownerType>USER</ownerType>
            </EntityAcl>
        </ExportManifestProperty>
    </ExportManifestEntity>
    <ExportManifestEntity path="Dashboards/CTools_dashboard.wcdf">
        <ExportManifestProperty>
            <EntityMetaData name="CTools_dashboard.wcdf" createdDate="2015-10-23T15:54:44.361+02:00" isFolder="false" path="Dashboards/CTools_dashboard.wcdf" isHidden="false" locale="en_US" title="CTools Dashboard"/>
        </ExportManifestProperty>
        <ExportManifestProperty>
            <EntityAcl>
                <entriesInheriting>true</entriesInheriting>
                <owner>admin</owner>
                <ownerType>USER</ownerType>
            </EntityAcl>
        </ExportManifestProperty>
    </ExportManifestEntity>
    <ExportManifestEntity path="Dashboards/CTools_dashboard_files">
        <ExportManifestProperty>
            <EntityMetaData name="CTools_dashboard_files" createdDate="2015-10-23T15:54:43.233+02:00" isFolder="true" path="Dashboards/CTools_dashboard_files" isHidden="true" locale="en_US" title="CTools_dashboard_files"/>
        </ExportManifestProperty>
        <ExportManifestProperty>
            <EntityAcl>
                <entriesInheriting>true</entriesInheriting>
                <owner>admin</owner>
                <ownerType>USER</ownerType>
            </EntityAcl>
        </ExportManifestProperty>
    </ExportManifestEntity>
    <ExportManifestEntity path="Dashboards/CTools_dashboard_files/css">
        <ExportManifestProperty>
            <EntityMetaData name="css" createdDate="2015-10-23T15:54:44.387+02:00" isFolder="true" path="Dashboards/CTools_dashboard_files/css" isHidden="false" locale="en_US" title="css"/>
        </ExportManifestProperty>
        <ExportManifestProperty>
            <EntityAcl>
                <entriesInheriting>true</entriesInheriting>
                <owner>admin</owner>
                <ownerType>USER</ownerType>
            </EntityAcl>
        </ExportManifestProperty>
    </ExportManifestEntity>
    <ExportManifestEntity path="Dashboards/CTools_dashboard_files/css/steelwheels.css">
        <ExportManifestProperty>
            <EntityMetaData name="steelwheels.css" createdDate="2015-10-23T15:54:44.394+02:00" isFolder="false" path="Dashboards/CTools_dashboard_files/css/steelwheels.css" isHidden="true" locale="en_US" title="steelwheels"/>
        </ExportManifestProperty>
        <ExportManifestProperty>
            <EntityAcl>
                <entriesInheriting>true</entriesInheriting>
                <owner>admin</owner>
                <ownerType>USER</ownerType>
            </EntityAcl>
        </ExportManifestProperty>
    </ExportManifestEntity>
    <ExportManifestEntity path="Dashboards/CTools_dashboard_files/img">
        <ExportManifestProperty>
            <EntityMetaData name="img" createdDate="2015-10-23T15:54:44.423+02:00" isFolder="true" path="Dashboards/CTools_dashboard_files/img" isHidden="false" locale="en_US" title="img"/>
        </ExportManifestProperty>
        <ExportManifestProperty>
            <EntityAcl>
                <entriesInheriting>true</entriesInheriting>
                <owner>admin</owner>
                <ownerType>USER</ownerType>
            </EntityAcl>
        </ExportManifestProperty>
    </ExportManifestEntity>
    <ExportManifestEntity path="Dashboards/CTools_dashboard_files/img/calendar-hover.png">
        <ExportManifestProperty>
            <EntityMetaData name="calendar-hover.png" createdDate="2015-10-23T15:54:44.432+02:00" isFolder="false" path="Dashboards/CTools_dashboard_files/img/calendar-hover.png" isHidden="true" locale="en_US" title="calendar-hover"/>
        </ExportManifestProperty>
        <ExportManifestProperty>
            <EntityAcl>
                <entriesInheriting>true</entriesInheriting>
                <owner>admin</owner>
                <ownerType>USER</ownerType>
            </EntityAcl>
        </ExportManifestProperty>
    </ExportManifestEntity>
    <ExportManifestEntity path="Dashboards/CTools_dashboard_files/img/calendar-hover.svg">
        <ExportManifestProperty>
            <EntityMetaData name="calendar-hover.svg" createdDate="2015-10-23T15:54:44.451+02:00" isFolder="false" path="Dashboards/CTools_dashboard_files/img/calendar-hover.svg" isHidden="true" locale="en_US" title="calendar-hover"/>
        </ExportManifestProperty>
        <ExportManifestProperty>
            <EntityAcl>
                <entriesInheriting>true</entriesInheriting>
                <owner>admin</owner>
                <ownerType>USER</ownerType>
            </EntityAcl>
        </ExportManifestProperty>
    </ExportManifestEntity>
    <ExportManifestEntity path="Dashboards/CTools_dashboard_files/img/calendar.png">
        <ExportManifestProperty>
            <EntityMetaData name="calendar.png" createdDate="2015-10-23T15:54:44.471+02:00" isFolder="false" path="Dashboards/CTools_dashboard_files/img/calendar.png" isHidden="true" locale="en_US" title="calendar"/>
        </ExportManifestProperty>
        <ExportManifestProperty>
            <EntityAcl>
                <entriesInheriting>true</entriesInheriting>
                <owner>admin</owner>
                <ownerType>USER</ownerType>
            </EntityAcl>
        </ExportManifestProperty>
    </ExportManifestEntity>
    <ExportManifestEntity path="Dashboards/CTools_dashboard_files/img/calendar.svg">
        <ExportManifestProperty>
            <EntityMetaData name="calendar.svg" createdDate="2015-10-23T15:54:44.491+02:00" isFolder="false" path="Dashboards/CTools_dashboard_files/img/calendar.svg" isHidden="true" locale="en_US" title="calendar"/>
        </ExportManifestProperty>
        <ExportManifestProperty>
            <EntityAcl>
                <entriesInheriting>true</entriesInheriting>
                <owner>admin</owner>
                <ownerType>USER</ownerType>
            </EntityAcl>
        </ExportManifestProperty>
    </ExportManifestEntity>
    <ExportManifestEntity path="Dashboards/CTools_dashboard_files/img/check.png">
        <ExportManifestProperty>
            <EntityMetaData name="check.png" createdDate="2015-10-23T15:54:44.513+02:00" isFolder="false" path="Dashboards/CTools_dashboard_files/img/check.png" isHidden="true" locale="en_US" title="check"/>
        </ExportManifestProperty>
        <ExportManifestProperty>
            <EntityAcl>
                <entriesInheriting>true</entriesInheriting>
                <owner>admin</owner>
                <ownerType>USER</ownerType>
            </EntityAcl>
        </ExportManifestProperty>
    </ExportManifestEntity>
    <ExportManifestEntity path="Dashboards/CTools_dashboard_files/img/check.svg">
        <ExportManifestProperty>
            <EntityMetaData name="check.svg" createdDate="2015-10-23T15:54:44.534+02:00" isFolder="false" path="Dashboards/CTools_dashboard_files/img/check.svg" isHidden="true" locale="en_US" title="check"/>
        </ExportManifestProperty>
        <ExportManifestProperty>
            <EntityAcl>
                <entriesInheriting>true</entriesInheriting>
                <owner>admin</owner>
                <ownerType>USER</ownerType>
            </EntityAcl>
        </ExportManifestProperty>
    </ExportManifestEntity>
    <ExportManifestEntity path="Dashboards/CTools_dashboard_files/img/footer-bg.png">
        <ExportManifestProperty>
            <EntityMetaData name="footer-bg.png" createdDate="2015-10-23T15:54:44.559+02:00" isFolder="false" path="Dashboards/CTools_dashboard_files/img/footer-bg.png" isHidden="true" locale="en_US" title="footer-bg"/>
        </ExportManifestProperty>
        <ExportManifestProperty>
            <EntityAcl>
                <entriesInheriting>true</entriesInheriting>
                <owner>admin</owner>
                <ownerType>USER</ownerType>
            </EntityAcl>
        </ExportManifestProperty>
    </ExportManifestEntity>
    <ExportManifestEntity path="Dashboards/CTools_dashboard_files/img/header-bg.png">
        <ExportManifestProperty>
            <EntityMetaData name="header-bg.png" createdDate="2015-10-23T15:54:44.577+02:00" isFolder="false" path="Dashboards/CTools_dashboard_files/img/header-bg.png" isHidden="true" locale="en_US" title="header-bg"/>
        </ExportManifestProperty>
        <ExportManifestProperty>
            <EntityAcl>
                <entriesInheriting>true</entriesInheriting>
                <owner>admin</owner>
                <ownerType>USER</ownerType>
            </EntityAcl>
        </ExportManifestProperty>
    </ExportManifestEntity>
    <ExportManifestEntity path="Dashboards/CTools_dashboard_files/img/pentaho-logo.png">
        <ExportManifestProperty>
            <EntityMetaData name="pentaho-logo.png" createdDate="2015-10-23T15:54:44.596+02:00" isFolder="false" path="Dashboards/CTools_dashboard_files/img/pentaho-logo.png" isHidden="true" locale="en_US" title="pentaho-logo"/>
        </ExportManifestProperty>
        <ExportManifestProperty>
            <EntityAcl>
                <entriesInheriting>true</entriesInheriting>
                <owner>admin</owner>
                <ownerType>USER</ownerType>
            </EntityAcl>
        </ExportManifestProperty>
    </ExportManifestEntity>
    <ExportManifestEntity path="Dashboards/CTools_dashboard_files/img/pentaho-logo.svg">
        <ExportManifestProperty>
            <EntityMetaData name="pentaho-logo.svg" createdDate="2015-10-23T15:54:44.620+02:00" isFolder="false" path="Dashboards/CTools_dashboard_files/img/pentaho-logo.svg" isHidden="true" locale="en_US" title="pentaho-logo"/>
        </ExportManifestProperty>
        <ExportManifestProperty>
            <EntityAcl>
                <entriesInheriting>true</entriesInheriting>
                <owner>admin</owner>
                <ownerType>USER</ownerType>
            </EntityAcl>
        </ExportManifestProperty>
    </ExportManifestEntity>
    <ExportManifestEntity path="Dashboards/CTools_dashboard_files/js">
        <ExportManifestProperty>
            <EntityMetaData name="js" createdDate="2015-10-23T15:54:44.648+02:00" isFolder="true" path="Dashboards/CTools_dashboard_files/js" isHidden="false" locale="en_US" title="js"/>
        </ExportManifestProperty>
        <ExportManifestProperty>
            <EntityAcl>
                <entriesInheriting>true</entriesInheriting>
                <owner>admin</owner>
                <ownerType>USER</ownerType>
            </EntityAcl>
        </ExportManifestProperty>
    </ExportManifestEntity>
    <ExportManifestEntity path="Dashboards/CTools_dashboard_files/js/steelwheels.js">
        <ExportManifestProperty>
            <EntityMetaData name="steelwheels.js" createdDate="2015-10-23T15:54:44.655+02:00" isFolder="false" path="Dashboards/CTools_dashboard_files/js/steelwheels.js" isHidden="true" locale="en_US" title="steelwheels"/>
        </ExportManifestProperty>
        <ExportManifestProperty>
            <EntityAcl>
                <entriesInheriting>true</entriesInheriting>
                <owner>admin</owner>
                <ownerType>USER</ownerType>
            </EntityAcl>
        </ExportManifestProperty>
    </ExportManifestEntity>
    <ExportManifestEntity path="Dashboards/Home Dashboard.xcdf">
        <ExportManifestProperty>
            <EntityMetaData name="Home Dashboard.xcdf" createdDate="2015-10-23T15:54:44.673+02:00" isFolder="false" path="Dashboards/Home Dashboard.xcdf" isHidden="false" locale="en_US" title="Home Dashboard"/>
        </ExportManifestProperty>
        <ExportManifestProperty>
            <EntityAcl>
                <entriesInheriting>true</entriesInheriting>
                <owner>admin</owner>
                <ownerType>USER</ownerType>
            </EntityAcl>
        </ExportManifestProperty>
    </ExportManifestEntity>
    <ExportManifestEntity path="Dashboards/InternationalizationDashboardExample.cdfde">
        <ExportManifestProperty>
            <EntityMetaData name="InternationalizationDashboardExample.cdfde" createdDate="2015-10-23T15:56:14.736+02:00" isFolder="false" path="Dashboards/InternationalizationDashboardExample.cdfde" isHidden="false" locale="en_US" title="InternationalizationDashboardExample.cdfde"/>
        </ExportManifestProperty>
        <ExportManifestProperty>
            <EntityAcl>
                <entriesInheriting>true</entriesInheriting>
                <owner>admin</owner>
                <ownerType>USER</ownerType>
            </EntityAcl>
        </ExportManifestProperty>
    </ExportManifestEntity>
    <ExportManifestEntity path="Dashboards/InternationalizationDashboardExample.wcdf">
        <ExportManifestProperty>
            <EntityMetaData name="InternationalizationDashboardExample.wcdf" createdDate="2015-10-23T15:56:14.718+02:00" isFolder="false" path="Dashboards/InternationalizationDashboardExample.wcdf" isHidden="false" locale="en_US" description="InternationalizationDashboardExample" title="InternationalizationDashboardExample"/>
        </ExportManifestProperty>
        <ExportManifestProperty>
            <EntityAcl>
                <entriesInheriting>true</entriesInheriting>
                <owner>admin</owner>
                <ownerType>USER</ownerType>
            </EntityAcl>
        </ExportManifestProperty>
    </ExportManifestEntity>
    <ExportManifestEntity path="Dashboards/home_dashboard.html">
        <ExportManifestProperty>
            <EntityMetaData name="home_dashboard.html" createdDate="2015-10-23T15:54:44.702+02:00" isFolder="false" path="Dashboards/home_dashboard.html" isHidden="true" locale="en_US" title="home_dashboard"/>
        </ExportManifestProperty>
        <ExportManifestProperty>
            <EntityAcl>
                <entriesInheriting>true</entriesInheriting>
                <owner>admin</owner>
                <ownerType>USER</ownerType>
            </EntityAcl>
        </ExportManifestProperty>
    </ExportManifestEntity>
    <ExportManifestEntity path="Dashboards/productLineSales.xaction">
        <ExportManifestProperty>
            <EntityMetaData name="productLineSales.xaction" createdDate="2015-10-23T15:54:44.736+02:00" isFolder="false" path="Dashboards/productLineSales.xaction" isHidden="true" locale="en_US" title="productLineSales"/>
        </ExportManifestProperty>
        <ExportManifestProperty>
            <EntityAcl>
                <entriesInheriting>true</entriesInheriting>
                <owner>admin</owner>
                <ownerType>USER</ownerType>
            </EntityAcl>
        </ExportManifestProperty>
    </ExportManifestEntity>
    <ExportManifestEntity path="Dashboards/territorySales.xaction">
        <ExportManifestProperty>
            <EntityMetaData name="territorySales.xaction" createdDate="2015-10-23T15:54:44.769+02:00" isFolder="false" path="Dashboards/territorySales.xaction" isHidden="true" locale="en_US" title="territorySales"/>
        </ExportManifestProperty>
        <ExportManifestProperty>
            <EntityAcl>
                <entriesInheriting>true</entriesInheriting>
                <owner>admin</owner>
                <ownerType>USER</ownerType>
            </EntityAcl>
        </ExportManifestProperty>
    </ExportManifestEntity>
    <ExportManifestEntity path="Dashboards/topTenCustomers.xaction">
        <ExportManifestProperty>
            <EntityMetaData name="topTenCustomers.xaction" createdDate="2015-10-23T15:54:44.806+02:00" isFolder="false" path="Dashboards/topTenCustomers.xaction" isHidden="true" locale="en_US" title="topTenCustomers"/>
        </ExportManifestProperty>
        <ExportManifestProperty>
            <EntityAcl>
                <entriesInheriting>true</entriesInheriting>
                <owner>admin</owner>
                <ownerType>USER</ownerType>
            </EntityAcl>
        </ExportManifestProperty>
    </ExportManifestEntity>
</ns2:ExportManifest>
